TimeStamp,Distance,ARx,ARy,ARz,NIx,NIy,NIz,Camx,Camy,Camz,AmbientLightIntensity,LightColorEstimate,FeaturePointNumber
162458.71348975,2.7478955,0.040817853,-2.7155957,0.21608533,-0.45866567,-0.13079801,-2.7061868,-1.2523649e-09,1.276835e-07,1.5291286e-07,949.6647715568542,5821.76220703125,3
162458.7468335,2.7478955,0.04244665,-2.7160275,0.21400702,-0.45866567,-0.13079801,-2.7061868,1.12371e-09,1.6959234e-08,-5.1832078e-08,949.7678875923157,5821.76220703125,3
162458.780177208,2.7478955,0.04341372,-2.7159183,0.21433759,-0.45866567,-0.13079801,-2.7061868,-7.253642e-10,-2.214791e-07,-7.3329653e-09,949.833869934082,5821.76220703125,3
162458.813520833,2.7478955,0.043153822,-2.7157083,0.21606603,-0.45866567,-0.13079801,-2.7061868,-8.554618e-11,1.4469214e-07,-3.120622e-09,947.7397799491882,5821.76220703125,4
162458.846864583,2.7027555,0.042628277,-2.716117,0.21300773,-0.50779897,-0.29121742,-2.6386018,9.0258484e-10,3.8333283e-07,4.2848022e-08,946.3995695114136,5821.76220703125,4
162458.880208291,2.7027555,0.04562914,-2.7176664,0.2045682,-0.50779897,-0.29121742,-2.6386018,9.773583e-10,2.5559703e-07,3.891652e-08,947.7716088294983,5821.76220703125,4
162458.913552041,2.7027555,0.04491848,-2.7181091,0.20011438,-0.50779897,-0.29121742,-2.6386018,-3.5638878e-10,-1.1059252e-07,-9.941708e-09,948.6497044563293,5821.76220703125,3
162458.946895708,2.7027555,0.043171015,-2.7186725,0.19172671,-0.50779897,-0.29121742,-2.6386018,-5.807012e-10,1.2791625e-07,8.010861e-08,951.3619542121887,5821.76220703125,3
162458.980239375,2.7027555,0.048122942,-2.7202294,0.17849484,-0.50779897,-0.29121742,-2.6386018,-1.7308958e-10,1.2795148e-07,5.876301e-09,953.0978202819824,5821.76220703125,3
162459.013583125,2.7027555,0.04937423,-2.7208345,0.17271331,-0.50779897,-0.29121742,-2.6386018,-4.8359444e-10,1.279811e-07,8.070832e-08,954.2087912559509,5821.76220703125,2
162459.046926791,2.7027555,0.04602027,-2.7214468,0.16559677,-0.50779897,-0.29121742,-2.6386018,1.4928787e-09,2.560532e-07,8.734362e-08,954.9198150634766,5821.76220703125,2
162459.0802705,2.7027555,0.049587384,-2.7221766,0.16096297,-0.50779897,-0.29121742,-2.6386018,-5.54e-10,-1.1035343e-07,-2.3097789e-08,955.3748369216919,5821.76220703125,2
162459.113614291,2.7027555,0.05241997,-2.7228088,0.1545895,-0.50779897,-0.29121742,-2.6386018,6.685519e-11,3.665142e-07,2.1869285e-08,955.6660652160645,5821.76220703125,1
162459.146958,2.7027555,0.056490205,-2.7232583,0.14895034,-0.50779897,-0.29121742,-2.6386018,-2.8962392e-11,-2.2062923e-07,-6.0615925e-08,953.6086916923523,5821.76220703125,1
162459.180301583,2.743695,0.058147337,-2.7233765,0.14919873,-0.56539345,-0.43969926,-2.6485577,6.6385886e-10,1.2806468e-07,6.94529e-09,952.2919654846191,5821.76220703125,1
162459.21364525,2.743695,0.053433076,-2.7228324,0.14848329,-0.56539345,-0.43969926,-2.6485577,1.1754459e-09,-1.10319675e-07,-3.7645147e-08,951.4492750167847,5821.76220703125,2
162459.246989041,2.743695,0.05740115,-2.7233198,0.14605603,-0.56539345,-0.43969926,-2.6485577,5.271312e-10,-2.0252725e-07,-1.5519362e-07,950.9099721908569,5821.76220703125,2
162459.280332791,2.743695,0.062285177,-2.7246637,0.13099895,-0.56539345,-0.43969926,-2.6485577,9.899611e-10,1.2820087e-07,-2.1659122e-08,948.3235478401184,5821.76220703125,2
162459.313676416,2.743695,0.06371291,-2.7249715,0.12264105,-0.56539345,-0.43969926,-2.6485577,1.7751127e-09,1.796937e-08,6.052171e-08,946.6682076454163,5821.76220703125,3
162459.347020166,2.743695,0.06589437,-2.724766,0.12752791,-0.56539345,-0.43969926,-2.6485577,4.5023825e-11,2.563312e-07,-7.4455784e-08,945.6087946891785,5821.76220703125,3
162459.380363916,2.743695,0.06453015,-2.7242448,0.13672644,-0.56539345,-0.43969926,-2.6485577,6.7125006e-10,1.7979376e-08,-2.0950784e-08,947.0776319503784,5821.76220703125,3
162459.413707625,2.743695,0.06276572,-2.7248716,0.12230815,-0.56539345,-0.43969926,-2.6485577,-5.4075905e-10,-9.221116e-08,-1.9330688e-08,945.8708167076111,5821.76220703125,4
162459.447051375,2.7165859,0.062187623,-2.72503,0.11598264,-0.46762267,-0.75415236,-2.5675714,-1.415229e-10,2.5640819e-07,9.890359e-08,947.3397135734558,5821.76220703125,4
162459.480394875,2.7165859,0.061481465,-2.7249322,0.11549421,-0.46762267,-0.75415236,-2.5675714,1.8057335e-10,-1.10144775e-07,-2.8692199e-08,948.2797980308533,5821.76220703125,4
162459.51373875,2.7165859,0.07114492,-2.7258646,0.114040375,-0.46762267,-0.75415236,-2.5675714,6.5897804e-10,1.8075328e-08,6.1360005e-08,948.7870931625366,5821.76220703125,4
162459.547082458,2.7165859,0.06790164,-2.725456,0.1188091,-0.46762267,-0.75415236,-2.5675714,4.2906362e-10,1.4615524e-07,-1.8689734e-08,944.7261095046997,5821.76220703125,4
162459.580426083,2.7165859,0.061724525,-2.7249427,0.11060627,-0.46762267,-0.75415236,-2.5675714,-3.0645162e-09,-2.2039714e-07,2.6795117e-09,942.1270489692688,5821.76220703125,4
162459.613769875,2.7165859,0.06751609,-2.7253625,0.10761218,-0.46762267,-0.75415236,-2.5675714,-1.2241916e-09,1.283298e-07,-3.5544424e-08,942.7024722099304,5821.76220703125,4
162459.647113625,2.7165859,0.08081023,-2.7269442,0.099880055,-0.46762267,-0.75415236,-2.5675714,2.5992941e-09,-2.2001993e-07,7.055654e-08,945.311963558197,5821.76220703125,4
162459.680457125,2.7165859,0.08669734,-2.728122,0.09955285,-0.46762267,-0.75415236,-2.5675714,-2.5356421e-09,-2.1996573e-07,-1.949707e-08,949.2258429527283,5821.76220703125,4
162459.713800875,2.7165859,0.0821343,-2.7286415,0.10726037,-0.46762267,-0.75415236,-2.5675714,2.594586e-09,2.5692418e-07,-3.2664442e-08,953.9768695831299,5821.76220703125,4
162459.747144625,2.7165859,0.08718481,-2.7289796,0.08949975,-0.46762267,-0.75415236,-2.5675714,-3.3921044e-10,2.567969e-07,-4.787308e-08,954.7713398933411,5821.76220703125,4
162459.780488333,2.7165859,0.07893362,-2.72807,0.09314468,-0.46762267,-0.75415236,-2.5675714,-3.0085348e-10,1.2825237e-07,-6.524445e-08,955.2798271179199,5821.76220703125,4
162459.813831958,2.7165859,0.061864052,-2.725972,0.09976527,-0.46762267,-0.75415236,-2.5675714,7.2372314e-10,-1.10256444e-07,-2.8583447e-08,960.040807723999,5821.76220703125,4
162459.847175791,2.7165859,0.050057605,-2.7246485,0.112386495,-0.46762267,-0.75415236,-2.5675714,2.0014236e-10,1.2819758e-07,1.274164e-09,963.087797164917,5821.76220703125,4
162459.880519458,2.7165859,0.05387077,-2.7251632,0.11141482,-0.46762267,-0.75415236,-2.5675714,5.0360427e-10,-1.1015742e-07,3.158275e-08,965.0378823280334,5821.76220703125,4
162459.913863041,2.7165859,0.059807677,-2.7261188,0.10064541,-0.46762267,-0.75415236,-2.5675714,-2.398398e-09,-1.1008533e-07,-6.478155e-08,964.0965461730957,5821.76220703125,3
162459.94720675,2.7165859,0.06710261,-2.7271626,0.09027267,-0.46762267,-0.75415236,-2.5675714,-5.019651e-10,-1.1005937e-07,2.5125576e-08,963.4941220283508,5821.76220703125,3
162459.9805505,2.7165859,0.06638697,-2.7275941,0.07961047,-0.46762267,-0.75415236,-2.5675714,2.272524e-10,-1.1008799e-07,-1.0903462e-07,967.5607085227966,5821.76220703125,3
162460.013894333,2.7165859,0.060803562,-2.7271938,0.0806989,-0.46762267,-0.75415236,-2.5675714,-5.3842075e-10,0.0,2.2351736e-08,967.9598212242126,5821.76220703125,2
162460.047238041,2.7165859,0.055541635,-2.7269697,0.081644356,-0.46762267,-0.75415236,-2.5675714,4.1901593e-10,-1.1007138e-07,-4.4034216e-09,970.4187512397766,5821.76220703125,2
162460.080581541,2.7165859,0.056731112,-2.727488,0.07398879,-0.46762267,-0.75415236,-2.5675714,5.6505123e-10,1.2837248e-07,-1.0845524e-07,971.9924926757812,5821.76220703125,2
162460.113925458,2.7165859,0.05859625,-2.727828,0.06853477,-0.46762267,-0.75415236,-2.5675714,6.2060346e-10,2.5680689e-07,4.4480476e-08,972.9996919631958,5821.76220703125,2
162460.147268958,2.7165859,0.05902637,-2.7282925,0.06188895,-0.46762267,-0.75415236,-2.5675714,2.9124292e-10,2.5685753e-07,2.2175588e-08,973.6442565917969,5821.76220703125,2
162460.18061275,2.7165859,0.06254359,-2.7286038,0.061489604,-0.46762267,-0.75415236,-2.5675714,-6.339272e-10,-1.09991355e-07,-8.1771404e-08,974.0567803382874,5821.76220703125,2
162460.213956416,2.637111,0.059329823,-2.7286093,0.055622254,-0.1944252,-0.45247528,-2.590718,5.5223246e-11,-1.0994575e-07,9.047717e-08,972.0580577850342,5821.76220703125,2
162460.247300166,2.637111,0.064424664,-2.729205,0.036840037,-0.1944252,-0.45247528,-2.590718,-6.550823e-10,1.2846033e-07,6.035113e-08,968.5184955596924,5821.76220703125,2
162460.280643875,2.637111,0.06955975,-2.7288735,0.043472428,-0.1944252,-0.45247528,-2.590718,8.385804e-10,1.8279849e-08,-5.153418e-08,966.2531614303589,5821.76220703125,2
162460.313987625,2.637111,0.05453448,-2.727316,0.051887844,-0.1944252,-0.45247528,-2.590718,2.347254e-09,1.283357e-07,7.093959e-08,967.0637249946594,5821.76220703125,1
162460.347331375,2.637111,0.057361107,-2.7270098,0.05513416,-0.1944252,-0.45247528,-2.590718,-1.835033e-10,2.567707e-07,3.660786e-08,969.8452353477478,5821.76220703125,1
162460.380674833,2.637111,0.06742281,-2.7275808,0.06619888,-0.1944252,-0.45247528,-2.590718,-6.2169864e-10,-2.2014932e-07,-2.5611144e-09,969.3626761436462,5821.76220703125,1
162460.414018625,2.637111,0.06231715,-2.726927,0.08672182,-0.1944252,-0.45247528,-2.590718,6.041674e-10,2.5653054e-07,-1.932679e-08,971.3165760040283,5821.76220703125,1
162460.447362416,2.637111,0.057808008,-2.7256253,0.1063161,-0.1944252,-0.45247528,-2.590718,1.0008615e-09,-1.102216e-07,2.2825821e-08,970.3043103218079,5821.76220703125,1
162460.480706208,2.637111,0.054217443,-2.7249625,0.12855232,-0.1944252,-0.45247528,-2.590718,3.121369e-10,1.7770189e-08,-8.646238e-10,969.6564674377441,5821.76220703125,1
162460.514049875,2.7355669,0.047376152,-2.7233407,0.14767662,-0.41347805,-0.8627337,-2.5628211,-2.7145064e-10,2.5596225e-07,7.23213e-08,971.5046286582947,5821.76220703125,3
162460.547393416,2.7355669,0.038740933,-2.7215307,0.16165763,-0.41347805,-0.8627337,-2.5628211,-2.9655651e-09,1.2797366e-07,1.1058965e-07,974.9526977539062,5821.76220703125,3
162460.580737125,2.7355669,0.039634172,-2.721347,0.1637473,-0.41347805,-0.8627337,-2.5628211,7.4067924e-10,1.2796633e-07,6.565748e-08,974.9416708946228,5821.76220703125,3
162460.614080958,2.7355669,0.040210366,-2.7211373,0.16924712,-0.41347805,-0.8627337,-2.5628211,3.0367264e-09,1.2783319e-07,-2.448684e-08,972.6836085319519,5821.76220703125,4
162460.647424583,2.7678466,0.03095184,-2.7189317,0.18513332,-0.37140456,-1.1211725,-2.503199,-7.0020456e-10,-1.106588e-07,4.680242e-09,968.9188003540039,5821.76220703125,4
162460.680768291,2.7678466,0.031067928,-2.7176375,0.1981676,-0.37140456,-1.1211725,-2.503199,-1.0100123e-09,-2.2106713e-07,-9.41009e-08,966.5093421936035,5821.76220703125,4
162460.714112041,2.7678466,0.04620504,-2.7196362,0.18738319,-0.37140456,-1.1211725,-2.503199,6.835649e-10,1.2777534e-07,1.3874555e-07,967.2276973724365,5821.76220703125,4
162460.747455708,2.7678466,0.040658336,-2.717809,0.19725856,-0.37140456,-1.1211725,-2.503199,-1.55713e-09,2.553949e-07,6.853782e-08,965.4980301856995,5821.76220703125,4
162460.780799458,2.7678466,0.03249942,-2.716516,0.20221284,-0.37140456,-1.1211725,-2.503199,1.0234672e-09,2.5564918e-07,1.017856e-08,964.3200635910034,5821.76220703125,4
162460.814143083,2.7678466,0.04451631,-2.7185557,0.18849647,-0.37140456,-1.1211725,-2.503199,-9.313227e-10,0.0,0.0,963.5661840438843,5821.76220703125,4
162460.847486833,2.7678466,0.041706614,-2.7177935,0.19658062,-0.37140456,-1.1211725,-2.503199,-8.4121765e-10,-1.1072434e-07,-8.508275e-08,963.154673576355,5821.76220703125,4
162460.8808305,2.7678466,0.033609945,-2.7164068,0.2043868,-0.37140456,-1.1211725,-2.503199,-6.532837e-10,1.7220545e-08,5.482891e-08,960.6451392173767,5821.76220703125,4
162460.91417425,2.7678466,0.04268073,-2.718411,0.18941474,-0.37140456,-1.1211725,-2.503199,-6.101517e-10,-2.212428e-07,-5.1354085e-09,956.7952752113342,5821.76220703125,2
162460.947517958,2.7678466,0.042080585,-2.7180195,0.19268556,-0.37140456,-1.1211725,-2.503199,9.786575e-10,3.6610564e-07,4.8997343e-08,956.5751552581787,5821.76220703125,2
162460.980861458,2.8053644,0.03438742,-2.71624,0.20464122,-0.37977368,-1.287894,-2.4631627,0.0,-2.3841858e-07,7.4505806e-08,956.4342498779297,5821.76220703125,2
162461.014205208,2.8053644,0.04131073,-2.7178493,0.1925431,-0.37977368,-1.287894,-2.4631627,-1.2832337e-09,-1.1063616e-07,-9.887964e-09,954.1003108024597,5821.76220703125,2
162461.047548916,2.8053644,0.043159228,-2.7177052,0.19040793,-0.37977368,-1.287894,-2.4631627,-1.912781e-09,1.6912196e-08,8.800775e-09,952.6066184043884,5821.76220703125,2
162461.080892666,2.8053644,0.03600173,-2.7158093,0.2027405,-0.37977368,-1.287894,-2.4631627,3.6425118e-10,-2.2138994e-07,-2.0391207e-08,951.6506195068359,5821.76220703125,2
162461.114236333,2.829306,0.041473985,-2.7167406,0.19612725,-0.3738713,-1.3715571,-2.4462261,-3.1828489e-09,-1.1067284e-07,-3.9743366e-08,951.0387778282166,5821.76220703125,2
162461.147580125,2.829306,0.04388697,-2.7170634,0.19143985,-0.3738713,-1.3715571,-2.4462261,2.6670177e-09,2.5530446e-07,8.354048e-08,948.4059810638428,5821.76220703125,2
162461.180923625,2.829306,0.036940753,-2.7156422,0.20084682,-0.3738713,-1.3715571,-2.4462261,-2.1276294e-09,1.276795e-07,4.5976165e-09,946.7209577560425,5821.76220703125,2
162461.214267416,2.829306,0.041022927,-2.7161045,0.19842336,-0.3738713,-1.3715571,-2.4462261,1.4805341e-09,-1.107267e-07,-3.988702e-08,947.8838443756104,5821.76220703125,2
162461.247611166,2.829306,0.043621942,-2.716291,0.19409136,-0.3738713,-1.3715571,-2.4462261,7.9718787e-10,1.6820707e-08,8.365875e-08,946.3868141174316,5821.76220703125,2
162461.280954875,2.829306,0.043621942,-2.716291,0.19409136,-0.3738713,-1.3715571,-2.4462261,1.4419322e-09,-2.2156041e-07,9.275917e-09,945.428729057312,5821.76220703125,2
162461.314298458,2.829306,0.039997205,-2.7154121,0.19800459,-0.3738713,-1.3715571,-2.4462261,1.1502729e-09,1.6898156e-08,-5.4344778e-09,944.8155164718628,5821.76220703125,2
162461.347642166,2.829306,0.042985722,-2.7157383,0.19554685,-0.3738713,-1.3715571,-2.4462261,-2.8710228e-09,1.2759972e-07,3.4341035e-08,944.4230794906616,5821.76220703125,2
162461.380986,2.829306,0.037230864,-2.7148037,0.20035665,-0.3738713,-1.3715571,-2.4462261,6.3754674e-10,2.552355e-07,5.404265e-08,944.1719055175781,5821.76220703125,2
162461.414329625,2.829306,0.038744956,-2.7150989,0.19770281,-0.3738713,-1.3715571,-2.4462261,-2.1850546e-09,-1.1078111e-07,-1.0185687e-08,941.7723417282104,5821.76220703125,1
162461.447673333,2.829306,0.042328075,-2.7154124,0.19608983,-0.3738713,-1.3715571,-2.4462261,5.9478866e-10,-9.40997e-08,-1.6445549e-08,942.475438117981,5821.76220703125,1
162461.481016958,2.829306,0.037882544,-2.7144637,0.20175229,-0.3738713,-1.3715571,-2.4462261,8.013643e-10,1.2759455e-07,3.441941e-08,945.0722932815552,5821.76220703125,1
162461.514360583,2.829306,0.038405865,-2.7147157,0.19873136,-0.3738713,-1.3715571,-2.4462261,-3.064202e-10,-1.1080832e-07,-3.9977145e-08,946.7342495918274,5821.76220703125,1
162461.547704291,2.829306,0.042070683,-2.7149541,0.19612573,-0.3738713,-1.3715571,-2.4462261,1.5699977e-09,-2.2174197e-07,5.3505335e-08,947.7978944778442,5821.76220703125,1
162461.581048041,2.829306,0.038548544,-2.7139356,0.20263952,-0.3738713,-1.3715571,-2.4462261,1.5675876e-09,1.6683314e-08,8.972779e-09,946.331799030304,5821.76220703125,1
162461.614391666,2.829306,0.03866183,-2.713985,0.20110838,-0.3738713,-1.3715571,-2.4462261,6.3427197e-10,-1.108319e-07,4.9439148e-08,947.5403428077698,5821.76220703125,1
162461.647735416,2.829306,0.04193193,-2.714551,0.19604816,-0.3738713,-1.3715571,-2.4462261,4.425071e-10,1.441895e-07,-9.092263e-08,948.31383228302,5821.76220703125,1
162461.681078958,2.829306,0.038982276,-2.7137244,0.20150189,-0.3738713,-1.3715571,-2.4462261,-9.313227e-10,0.0,0.0,948.8088488578796,5821.76220703125,1
162461.714422708,2.829306,0.038844224,-2.7135582,0.20225431,-0.3738713,-1.3715571,-2.4462261,-2.1840025e-09,1.2756942e-07,1.0899508e-07,949.1256475448608,5821.76220703125,1
162461.747766458,2.829306,0.04245634,-2.71425,0.19694743,-0.3738713,-1.3715571,-2.4462261,-1.1396852e-09,1.2753831e-07,1.3864394e-07,949.3284225463867,5821.76220703125,1
162461.781110166,2.829306,0.040068083,-2.7137368,0.20024382,-0.3738713,-1.3715571,-2.4462261,-1.98157e-10,-1.1089585e-07,-7.008626e-08,949.4581818580627,5821.76220703125,1
162461.814453791,2.829306,0.03974833,-2.7134738,0.20228733,-0.3738713,-1.3715571,-2.4462261,-3.2343023e-10,1.2756693e-07,-4.0064474e-08,949.5412111282349,5821.76220703125,1
162461.847797583,2.829306,0.042428367,-2.7141795,0.19786996,-0.3738713,-1.3715571,-2.4462261,-1.1472822e-09,1.2755306e-07,3.4399868e-08,949.5943784713745,5821.76220703125,1
162461.881141291,2.829306,0.04022677,-2.7139385,0.19915009,-0.3738713,-1.3715571,-2.4462261,5.630416e-10,-2.217536e-07,5.3718033e-08,949.6284127235413,5821.76220703125,1
162461.914484875,2.829306,0.039484486,-2.713738,0.20087206,-0.3738713,-1.3715571,-2.4462261,6.3553596e-10,1.2756949e-07,4.6348148e-09,949.6501684188843,5821.76220703125,1
162461.947828416,2.829306,0.041815463,-2.7141688,0.1979676,-0.3738713,-1.3715571,-2.4462261,-2.0217615e-10,1.2755699e-07,4.604539e-09,949.6641159057617,5821.76220703125,1
162461.981172333,2.829306,0.039919674,-2.7139368,0.19895643,-0.3738713,-1.3715571,-2.4462261,7.715884e-10,1.275505e-07,-2.5214158e-08,949.673056602478,5821.76220703125,1
162462.014515958,2.829306,0.03905031,-2.713799,0.19943558,-0.3738713,-1.3715571,-2.4462261,0.0,2.3841858e-07,5.9604645e-08,949.6787786483765,5821.76220703125,1
162462.047859666,2.829306,0.04119975,-2.714131,0.19800448,-0.3738713,-1.3715571,-2.4462261,-1.9604118e-10,3.6597703e-07,-2.525066e-08,949.6824145317078,5821.76220703125,1
162462.081203375,2.829306,0.039813768,-2.7138977,0.1998144,-0.3738713,-1.3715571,-2.4462261,-1.0701944e-09,-1.10864136e-07,-6.993881e-08,949.684739112854,5821.76220703125,1
162462.114547,2.829306,0.038696222,-2.7138216,0.1997937,-0.3738713,-1.3715571,-2.4462261,2.344982e-09,1.673672e-08,5.3986554e-08,949.6862292289734,5821.76220703125,1
162462.147890708,2.829306,0.0405189,-2.7142582,0.19798747,-0.3738713,-1.3715571,-2.4462261,-1.1129342e-09,1.275605e-07,-2.5286077e-08,949.6871829032898,5821.76220703125,1
162462.181234375,2.829306,0.03954597,-2.7141428,0.20040093,-0.3738713,-1.3715571,-2.4462261,-1.3429098e-09,-9.4177494e-08,2.8414725e-08,949.6877789497375,5821.76220703125,1
162462.214578083,2.829306,0.03864837,-2.7140403,0.20082758,-0.3738713,-1.3715571,-2.4462261,-1.1537917e-09,1.2757546e-07,4.933249e-08,949.688196182251,5821.76220703125,1
162462.247921791,2.829306,0.040522024,-2.7143943,0.19829044,-0.3738713,-1.3715571,-2.4462261,-1.1205527e-09,-1.108587e-07,1.9419666e-08,949.6884346008301,5821.76220703125,1
162462.2812655,2.829306,0.039773438,-2.7141094,0.20039153,-0.3738713,-1.3715571,-2.4462261,-1.5227165e-10,1.2754816e-07,1.9351978e-08,949.6886134147644,5821.76220703125,1
162462.31460925,2.829306,0.039773438,-2.7141094,0.20039153,-0.3738713,-1.3715571,-2.4462261,-2.1769125e-10,-1.10842834e-07,4.9289795e-08,949.688732624054,5821.76220703125,1
162462.347952916,2.829306,0.040431883,-2.7143366,0.19905274,-0.3738713,-1.3715571,-2.4462261,-1.1196102e-09,1.275686e-07,6.4139286e-08,947.5419521331787,5821.76220703125,1
162462.381296458,2.829306,0.03980236,-2.7141948,0.20013379,-0.3738713,-1.3715571,-2.4462261,-1.0915842e-09,-1.1086387e-07,6.4040954e-08,948.3148455619812,5821.76220703125,1
162462.414640333,2.829306,0.039147995,-2.7139456,0.20200245,-0.3738713,-1.3715571,-2.4462261,-1.3725808e-09,2.5516132e-07,6.8755924e-08,951.064944267273,5821.76220703125,1
162462.447983875,2.829306,0.040463097,-2.714356,0.19914603,-0.3738713,-1.3715571,-2.4462261,-3.8337866e-10,-2.216791e-07,-2.063028e-08,952.8250098228455,5821.76220703125,1
162462.481327625,2.829306,0.03990277,-2.714304,0.19912341,-0.3738713,-1.3715571,-2.4462261,-1.608811e-10,-1.1085102e-07,-1.0382147e-08,953.9514183998108,5821.76220703125,1
162462.51467125,2.829306,0.039209872,-2.7140963,0.2004131,-0.3738713,-1.3715571,-2.4462261,-4.4236087e-10,1.6746272e-08,-3.5566323e-08,954.6723365783691,5821.76220703125,1
162462.548014958,2.829306,0.040466994,-2.7143133,0.19924356,-0.3738713,-1.3715571,-2.4462261,3.6275255e-10,1.4432405e-07,-3.0970995e-08,952.9727101325989,5821.76220703125,1
162462.581358708,2.829306,0.039853055,-2.7142577,0.19924247,-0.3738713,-1.3715571,-2.4462261,-3.1209793e-10,-2.2169058e-07,3.890425e-08,951.884925365448,5821.76220703125,1
162462.614702416,2.829306,0.03916628,-2.714098,0.19985479,-0.3738713,-1.3715571,-2.4462261,-1.1420882e-09,-1.10832666e-07,-2.523244e-08,953.349769115448,5821.76220703125,1
162462.648045958,2.829306,0.040296428,-2.714257,0.19927125,-0.3738713,-1.3715571,-2.4462261,-1.3138169e-09,1.6748517e-08,-5.0506912e-08,952.1262645721436,5821.76220703125,1
162462.681389666,2.829306,0.03996087,-2.7141082,0.19978552,-0.3738713,-1.3715571,-2.4462261,-4.8753956e-10,1.4432274e-07,7.324296e-08,951.3432383537292,5821.76220703125,1
162462.714733458,2.829306,0.03941735,-2.7140212,0.20002878,-0.3738713,-1.3715571,-2.4462261,-4.0552434e-10,1.6768466e-08,-3.5528913e-08,950.8420825004578,5821.76220703125,1
162462.748077125,2.829306,0.04026529,-2.7142134,0.19908726,-0.3738713,-1.3715571,-2.4462261,1.473319e-09,1.6758264e-08,6.868737e-08,952.682375907898,5821.76220703125,1
162462.781420666,2.829306,0.039949894,-2.7145655,0.19978695,-0.3738713,-1.3715571,-2.4462261,-2.9564104e-09,-1.10833845e-07,4.5333572e-09,951.6991376876831,5821.76220703125,1
162462.814764583,2.829306,0.039295055,-2.7145705,0.20005861,-0.3738713,-1.3715571,-2.4462261,7.1837747e-10,3.6601756e-07,-4.0105864e-08,953.2308578491211,5821.76220703125,1
162462.848108125,2.829306,0.040385544,-2.7148201,0.19874485,-0.3738713,-1.3715571,-2.4462261,5.149535e-10,2.5518642e-07,5.3790625e-08,952.0501494407654,5821.76220703125,1
162462.881451791,2.829306,0.04019666,-2.7146184,0.19981368,-0.3738713,-1.3715571,-2.4462261,-2.0486908e-09,3.6600608e-07,-4.0195896e-08,953.4555077552795,5821.76220703125,1
162462.914795458,2.829306,0.03971512,-2.7145057,0.20056674,-0.3738713,-1.3715571,-2.4462261,1.4614877e-09,1.6783956e-08,6.878625e-08,954.3549418449402,5821.76220703125,1
162462.94813925,2.829306,0.04005451,-2.7147238,0.19894932,-0.3738713,-1.3715571,-2.4462261,1.3069951e-09,-9.4046534e-08,2.8584049e-08,952.7695775032043,5821.76220703125,1
162462.981482958,2.829306,0.039710406,-2.7146554,0.19956881,-0.3738713,-1.3715571,-2.4462261,-1.0978966e-09,-1.108293e-07,7.902081e-08,953.9159536361694,5821.76220703125,1
162463.014826625,2.829306,0.039277665,-2.7145224,0.20044567,-0.3738713,-1.3715571,-2.4462261,-2.032537e-09,1.2759848e-07,-5.5020443e-08,952.4886012077332,5821.76220703125,2
162463.048170333,2.829306,0.039382804,-2.7146668,0.19911256,-0.3738713,-1.3715571,-2.4462261,-1.4709073e-10,1.2759709e-07,-2.5206468e-08,953.7361264228821,5821.76220703125,2
162463.081514125,2.829306,0.038921632,-2.7146358,0.1989837,-0.3738713,-1.3715571,-2.4462261,6.684657e-10,1.6761959e-08,-3.5593686e-08,954.5345306396484,5821.76220703125,2
162463.114857666,2.829306,0.03855586,-2.7145119,0.19977607,-0.3738713,-1.3715571,-2.4462261,4.1583026e-10,1.4437461e-07,-3.0954652e-08,952.8844952583313,5821.76220703125,2
162463.148201416,2.829306,0.03939647,-2.7146175,0.19913198,-0.3738713,-1.3715571,-2.4462261,1.5463756e-09,2.551919e-07,2.4075101e-08,951.8284797668457,5821.76220703125,2
162463.181545125,2.829306,0.03913373,-2.7145712,0.19916157,-0.3738713,-1.3715571,-2.4462261,6.542787e-10,2.5518221e-07,-2.0662323e-08,951.1526226997375,5821.76220703125,2
162463.214888791,2.829306,0.038710505,-2.7144828,0.19952188,-0.3738713,-1.3715571,-2.4462261,5.555461e-10,1.6778271e-08,-5.046055e-08,950.7200717926025,5821.76220703125,2
162463.2482325,2.829306,0.039726887,-2.7146046,0.1993455,-0.3738713,-1.3715571,-2.4462261,1.3230822e-09,1.4437258e-07,1.3290553e-07,950.4432678222656,5821.76220703125,2
162463.281576041,2.829306,0.039586775,-2.7146244,0.19952446,-0.3738713,-1.3715571,-2.4462261,-1.0970612e-09,-1.108237e-07,-4.0138197e-08,950.2661228179932,5821.76220703125,2
162463.314919833,2.829306,0.039313152,-2.7145777,0.19961064,-0.3738713,-1.3715571,-2.4462261,-2.0571775e-09,-1.1081895e-07,-8.484151e-08,950.1527547836304,5821.76220703125,2
162463.3482635,2.829306,0.039917305,-2.7146568,0.19950618,-0.3738713,-1.3715571,-2.4462261,-2.0449629e-09,-1.1082255e-07,-5.5070725e-08,950.080156326294,5821.76220703125,2
162463.381607083,2.829306,0.03965659,-2.7146406,0.20011277,-0.3738713,-1.3715571,-2.4462261,1.5272169e-09,-2.2164528e-07,-5.8166663e-09,950.0337243080139,5821.76220703125,2
162463.41495075,2.829306,0.039368164,-2.7146304,0.20002118,-0.3738713,-1.3715571,-2.4462261,1.504523e-09,1.6784982e-08,6.874773e-08,950.003981590271,5821.76220703125,2
162463.4482945,2.829306,0.039591733,-2.7147286,0.19940305,-0.3738713,-1.3715571,-2.4462261,-2.0298887e-09,1.2759621e-07,-5.5071133e-08,949.9849677085876,5821.76220703125,2
162463.48163825,2.829306,0.03930724,-2.7146702,0.20013285,-0.3738713,-1.3715571,-2.4462261,0.0,0.0,-2.9802322e-08,949.9728083610535,5821.76220703125,2
162463.514981958,2.829306,0.03917674,-2.7146344,0.20029745,-0.3738713,-1.3715571,-2.4462261,-3.6817194e-10,1.6782366e-08,-5.749108e-09,949.9650001525879,5821.76220703125,2
162463.548325666,2.829306,0.03968703,-2.714782,0.19934964,-0.3738713,-1.3715571,-2.4462261,-1.775018e-10,3.6601404e-07,3.435461e-08,949.9599933624268,5821.76220703125,2
162463.581669333,2.829306,0.039558694,-2.7147655,0.19980283,-0.3738713,-1.3715571,-2.4462261,1.6884996e-09,-1.10826655e-07,3.4338125e-08,949.9568343162537,5821.76220703125,2
162463.615013041,2.829306,0.039468985,-2.7147224,0.20009926,-0.3738713,-1.3715571,-2.4462261,3.493811e-10,3.8279669e-07,-4.588353e-08,949.9548077583313,5821.76220703125,2
162463.64835675,2.829306,0.039907526,-2.714839,0.1993673,-0.3738713,-1.3715571,-2.4462261,5.6509897e-10,1.6775516e-08,5.384381e-08,949.9534964561462,5821.76220703125,2
162463.6817005,2.829306,0.039674513,-2.7148144,0.19948174,-0.3738713,-1.3715571,-2.4462261,7.553956e-10,3.66012e-07,-1.0356149e-08,949.9526619911194,5821.76220703125,2
162463.715044041,2.829306,0.03949327,-2.71475,0.19995224,-0.3738713,-1.3715571,-2.4462261,3.5491932e-10,3.827958e-07,7.3328465e-08,949.9521255493164,5821.76220703125,2
162463.74838775,2.829306,0.039840583,-2.7148242,0.19932981,-0.3738713,-1.3715571,-2.4462261,7.593861e-10,1.2759725e-07,3.437983e-08,949.9517679214478,5821.76220703125,2
162463.781731458,2.829306,0.039430816,-2.7147927,0.19933939,-0.3738713,-1.3715571,-2.4462261,1.5297228e-09,2.5519046e-07,5.3836416e-08,949.9515295028687,5821.76220703125,2
162463.815075083,2.829306,0.03930403,-2.7147462,0.1995496,-0.3738713,-1.3715571,-2.4462261,5.4419674e-10,-2.2163812e-07,8.365617e-08,949.9514102935791,5821.76220703125,2
162463.848418791,2.829306,0.03985969,-2.714802,0.19930652,-0.3738713,-1.3715571,-2.4462261,-1.1161775e-09,1.275979e-07,-1.0330249e-08,949.9512910842896,5821.76220703125,2
162463.881762541,2.829306,0.039687388,-2.7147596,0.19945294,-0.3738713,-1.3715571,-2.4462261,-1.7866643e-10,1.275967e-07,9.397898e-08,949.9512314796448,5821.76220703125,2
162463.915106208,2.829306,0.039557144,-2.7147183,0.19947079,-0.3738713,-1.3715571,-2.4462261,-1.1205573e-09,-1.10819585e-07,4.927733e-08,949.951171875,5821.76220703125,2
162463.948449833,2.829306,0.039754707,-2.714744,0.1993619,-0.3738713,-1.3715571,-2.4462261,5.7924515e-10,1.6773358e-08,-2.0688992e-08,949.951171875,5821.76220703125,2
162463.981793541,2.829306,0.03946584,-2.7146947,0.19971502,-0.3738713,-1.3715571,-2.4462261,-1.101992e-09,1.275961e-07,-5.5039045e-08,949.951171875,5821.76220703125,2
162464.015137208,2.829306,0.03936549,-2.7146778,0.19958976,-0.3738713,-1.3715571,-2.4462261,-2.0401283e-09,-1.10820906e-07,-8.483758e-08,949.951171875,5821.76220703125,2
162464.048481,2.829306,0.039496206,-2.714689,0.1994856,-0.3738713,-1.3715571,-2.4462261,-1.6839248e-10,1.2759311e-07,-2.5256169e-08,949.951171875,5821.76220703125,2
162464.081824541,2.829306,0.03927442,-2.7146122,0.19991106,-0.3738713,-1.3715571,-2.4462261,1.5389406e-09,2.5518352e-07,2.3998679e-08,949.951171875,5821.76220703125,2
162464.115168291,2.829306,0.039132155,-2.714581,0.19989143,-0.3738713,-1.3715571,-2.4462261,-1.7397651e-10,-1.1082553e-07,-6.994288e-08,949.951171875,5821.76220703125,2
162464.148512083,2.829306,0.039397113,-2.7146137,0.1996081,-0.3738713,-1.3715571,-2.4462261,-1.1001166e-09,1.2758812e-07,-2.5259148e-08,949.951171875,5821.76220703125,2
162464.181855625,2.829306,0.0392911,-2.7145855,0.19994596,-0.3738713,-1.3715571,-2.4462261,1.5244122e-09,-2.2166674e-07,8.358293e-08,949.951171875,5821.76220703125,2
162464.215199416,2.829306,0.03929942,-2.7145433,0.20002027,-0.3738713,-1.3715571,-2.4462261,-2.0452458e-09,-1.1083504e-07,6.415401e-08,949.951171875,5821.76220703125,2
162464.248543,2.829306,0.03959652,-2.7145095,0.19983353,-0.3738713,-1.3715571,-2.4462261,4.1097317e-10,1.4431954e-07,-4.6006065e-08,949.951171875,5821.76220703125,2
162464.281886708,2.829306,0.039389938,-2.714436,0.2001785,-0.3738713,-1.3715571,-2.4462261,9.313226e-10,-2.3841858e-07,1.4901161e-08,952.1949291229248,5821.76220703125,2
162464.315230541,2.829306,0.03932589,-2.7144022,0.20036346,-0.3738713,-1.3715571,-2.4462261,-1.3018998e-09,1.676463e-08,3.890833e-08,953.6309242248535,5821.76220703125,2
162464.348574083,2.829306,0.039656192,-2.7146218,0.1997473,-0.3738713,-1.3715571,-2.4462261,2.4455975e-09,2.551881e-07,5.3816862e-08,954.5499682426453,5821.76220703125,2
162464.381917875,2.829306,0.039441813,-2.7146494,0.19970429,-0.3738713,-1.3715571,-2.4462261,-3.5141978e-10,2.5518915e-07,9.105165e-09,955.1381468772888,5821.76220703125,2
162464.4152615,2.829306,0.039441813,-2.7146494,0.19970429,-0.3738713,-1.3715571,-2.4462261,2.4240105e-09,1.6773415e-08,1.730599e-07,955.5146098136902,5821.76220703125,2
162464.448605208,2.829306,0.039441813,-2.7146494,0.19970429,-0.3738713,-1.3715571,-2.4462261,1.5000354e-09,1.677063e-08,-2.0657414e-08,955.7555317878723,5821.76220703125,2
162464.481949,2.829306,0.039592,-2.7146034,0.19929767,-0.3738713,-1.3715571,-2.4462261,-2.0439934e-09,-1.1082364e-07,-5.5029158e-08,953.7594318389893,5821.76220703125,2
162464.515292541,2.829306,0.039600544,-2.714589,0.19921122,-0.3738713,-1.3715571,-2.4462261,1.4902491e-09,1.6773102e-08,-3.5553786e-08,952.4819254875183,5821.76220703125,2
162464.548636291,2.829306,0.03969601,-2.714574,0.19915013,-0.3738713,-1.3715571,-2.4462261,-2.9746607e-09,1.2759489e-07,-8.483777e-08,951.6643285751343,5821.76220703125,2
162464.581979958,2.829306,0.03958807,-2.7145188,0.19924973,-0.3738713,-1.3715571,-2.4462261,5.6241717e-10,1.6774637e-08,-2.0650052e-08,951.1410593986511,5821.76220703125,2
162464.615323666,2.829306,0.039688535,-2.7145245,0.19910917,-0.3738713,-1.3715571,-2.4462261,2.409759e-09,1.6777449e-08,9.8555624e-08,950.8061408996582,5821.76220703125,2
162464.648667291,2.829306,0.039842784,-2.7146044,0.1991625,-0.3738713,-1.3715571,-2.4462261,-1.1154525e-09,-1.1082239e-07,4.9262322e-08,950.5918025970459,5821.76220703125,2
162464.682011,2.829306,0.03963685,-2.7147372,0.19960265,-0.3738713,-1.3715571,-2.4462261,5.5719707e-10,2.5519472e-07,1.4324743e-07,950.4546523094177,5821.76220703125,2
162464.715354708,2.829306,0.039700642,-2.7147758,0.1994404,-0.3738713,-1.3715571,-2.4462261,7.4068834e-10,1.2759828e-07,4.575529e-09,950.3668546676636,5821.76220703125,2
162464.748698416,2.829306,0.039775427,-2.714798,0.19930032,-0.3738713,-1.3715571,-2.4462261,3.654271e-10,-9.404828e-08,2.859105e-08,948.0808973312378,5821.76220703125,2
162464.782042166,2.829306,0.03972301,-2.7147706,0.1995341,-0.3738713,-1.3715571,-2.4462261,7.45422e-10,-3.492396e-07,4.5742636e-09,948.8476514816284,5821.76220703125,2
162464.81538575,2.829306,0.03966752,-2.7147954,0.199309,-0.3738713,-1.3715571,-2.4462261,-1.5448184e-09,-9.4039585e-08,-1.1325137e-09,947.1086263656616,5821.76220703125,2
162464.8487295,2.829306,0.04008486,-2.7147977,0.19899106,-0.3738713,-1.3715571,-2.4462261,-2.0425546e-10,-1.108209e-07,-4.0122888e-08,945.9956288337708,5821.76220703125,2
162464.882073083,2.829306,0.040100783,-2.7147305,0.19907886,-0.3738713,-1.3715571,-2.4462261,-1.137816e-09,1.2759784e-07,3.437964e-08,945.2832937240601,5821.76220703125,2
162464.915416875,2.829306,0.04014996,-2.7147195,0.19911568,-0.3738713,-1.3715571,-2.4462261,-1.1463971e-09,-1.10819705e-07,4.9292307e-08,944.8274374008179,5821.76220703125,2
162464.948760625,2.829306,0.040356886,-2.7147248,0.19892618,-0.3738713,-1.3715571,-2.4462261,-1.1407031e-09,-1.10820835e-07,6.418933e-08,944.5356726646423,5821.76220703125,2
162464.982104291,2.829306,0.040251892,-2.7146974,0.1990416,-0.3738713,-1.3715571,-2.4462261,1.4382836e-09,1.6778472e-08,2.4062391e-08,946.5786814689636,5821.76220703125,2
162465.015447875,2.829306,0.0403105,-2.7147005,0.19911088,-0.3738713,-1.3715571,-2.4462261,-2.2316944e-10,1.2760036e-07,4.9289945e-08,947.8862285614014,5821.76220703125,2
162465.048791583,2.829306,0.040550195,-2.7147183,0.19899614,-0.3738713,-1.3715571,-2.4462261,-2.0832387e-09,1.2760074e-07,6.4191525e-08,948.7230777740479,5821.76220703125,2
162465.082135333,2.829306,0.040509533,-2.7147121,0.19902593,-0.3738713,-1.3715571,-2.4462261,-3.0215774e-09,1.2760253e-07,-8.481933e-08,949.2586255073547,5821.76220703125,2
162465.115479,2.829306,0.040667478,-2.714729,0.19901332,-0.3738713,-1.3715571,-2.4462261,-1.1493428e-09,-1.10817226e-07,1.3868531e-07,949.601411819458,5821.76220703125,2
162465.14882275,2.829306,0.040483262,-2.7147028,0.19928077,-0.3738713,-1.3715571,-2.4462261,1.6541161e-09,-3.49236e-07,4.572978e-09,949.8207569122314,5821.76220703125,2
162465.182166416,2.829306,0.04030184,-2.7146964,0.19934885,-0.3738713,-1.3715571,-2.4462261,5.096845e-10,1.6788505e-08,-3.5541966e-08,949.9611258506775,5821.76220703125,2
162465.215510041,2.829306,0.040362176,-2.7147214,0.1992045,-0.3738713,-1.3715571,-2.4462261,9.313226e-10,0.0,-2.9802322e-08,950.0510096549988,5821.76220703125,2
162465.24885375,2.829306,0.040136084,-2.7146692,0.19926824,-0.3738713,-1.3715571,-2.4462261,1.4734532e-09,2.5519708e-07,1.13449524e-07,950.108528137207,5821.76220703125,2
162465.282197541,2.829306,0.040011413,-2.714649,0.19940914,-0.3738713,-1.3715571,-2.4462261,-2.0578201e-09,-1.10818696e-07,-6.9929456e-08,950.1453042030334,5821.76220703125,2
162465.315541041,2.829306,0.04002661,-2.7146633,0.19932339,-0.3738713,-1.3715571,-2.4462261,-1.1303392e-09,6.044359e-07,-8.4830404e-08,950.1688480377197,5821.76220703125,2
162465.348884791,2.829306,0.04009243,-2.7146468,0.1993076,-0.3738713,-1.3715571,-2.4462261,-2.6422882e-09,-4.43285e-07,-4.1332513e-08,950.1839280128479,5821.76220703125,2
162465.382228541,2.829306,0.03996665,-2.7146535,0.19946918,-0.3738713,-1.3715571,-2.4462261,-1.3283113e-09,1.677978e-08,-5.0448968e-08,950.1935839653015,5821.76220703125,2
162465.41557225,2.829306,0.04003589,-2.7146835,0.19928505,-0.3738713,-1.3715571,-2.4462261,6.9434025e-10,1.2760569e-07,3.437445e-08,950.1997828483582,5821.76220703125,2
162465.448915958,2.829306,0.040848866,-2.7147698,0.19942866,-0.3738713,-1.3715571,-2.4462261,-2.798539e-10,-1.1079998e-07,-4.0054797e-08,950.2037167549133,5821.76220703125,2
162465.4822595,2.829306,0.04173065,-2.7149832,0.19773549,-0.3738713,-1.3715571,-2.4462261,-3.1476013e-10,2.551815e-07,2.3947003e-08,952.4383544921875,5821.76220703125,2
162465.515603291,2.829306,0.039134417,-2.714525,0.20047437,-0.3738713,-1.3715571,-2.4462261,5.793989e-10,1.677549e-08,6.8686795e-08,953.868567943573,5821.76220703125,3
162465.548947041,2.829306,0.03953084,-2.7146118,0.20012577,-0.3738713,-1.3715571,-2.4462261,-1.3132048e-09,1.276421e-07,1.0900938e-07,952.5517821311951,5821.76220703125,3
162465.582290541,2.829306,0.04389004,-2.7153153,0.19663079,-0.3738713,-1.3715571,-2.4462261,-3.1588185e-10,-1.10790985e-07,6.424185e-08,953.9411664009094,5821.76220703125,3
162465.615634333,2.829306,0.042466726,-2.7150753,0.19794495,-0.3738713,-1.3715571,-2.4462261,-1.2222619e-10,-1.1084293e-07,-2.5422285e-08,954.8303484916687,5821.76220703125,3
162465.648978041,2.829306,0.03836861,-2.714201,0.20354757,-0.3738713,-1.3715571,-2.4462261,2.8037606e-10,-2.21569e-07,-5.5132148e-09,955.3994536399841,5821.76220703125,3
162465.682321833,2.829306,0.04267654,-2.715145,0.19681574,-0.3738713,-1.3715571,-2.4462261,-1.5475525e-09,1.68464e-08,-5.5638e-09,955.7636380195618,5821.76220703125,3
162465.715665333,2.829306,0.042303056,-2.7151005,0.19733363,-0.3738713,-1.3715571,-2.4462261,-1.3410437e-09,2.552178e-07,1.5823595e-07,958.1610560417175,5821.76220703125,3
162465.749009125,2.829306,0.040141158,-2.7146869,0.19865653,-0.3738713,-1.3715571,-2.4462261,5.141268e-10,-1.10746804e-07,1.9884281e-08,959.6953988075256,5821.76220703125,3
162465.782352833,2.829306,0.04466457,-2.7156727,0.19081435,-0.3738713,-1.3715571,-2.4462261,-2.7456235e-10,-1.1078484e-07,-5.485503e-08,960.6773853302002,5821.76220703125,3
162465.815696416,2.829306,0.041656077,-2.7150202,0.19581576,-0.3738713,-1.3715571,-2.4462261,-2.9508833e-09,1.2759853e-07,4.9258187e-08,961.3058567047119,5821.76220703125,3
162465.849040166,2.829306,0.039106574,-2.714479,0.19972847,-0.3738713,-1.3715571,-2.4462261,-1.3752243e-09,1.2765759e-07,1.9662052e-08,961.7080688476562,5821.76220703125,3
162465.882383875,2.829306,0.045223568,-2.7154875,0.19535245,-0.3738713,-1.3715571,-2.4462261,-8.104073e-12,2.5531168e-07,9.364308e-09,961.9655013084412,5821.76220703125,3
162465.915727458,2.829306,0.045772873,-2.715445,0.19701263,-0.3738713,-1.3715571,-2.4462261,1.1902873e-09,-2.216093e-07,2.3832726e-08,962.1302485466003,5821.76220703125,3
162465.949071208,2.829306,0.042883135,-2.7148015,0.2014343,-0.3738713,-1.3715571,-2.4462261,-7.1959083e-10,-2.2159213e-07,-5.0538652e-08,962.235689163208,5821.76220703125,3
162465.982414916,2.829306,0.04341124,-2.714991,0.20008221,-0.3738713,-1.3715571,-2.4462261,5.138583e-10,2.5519182e-07,-6.023786e-09,962.3031616210938,5821.76220703125,3
162466.015758666,2.829306,0.040286053,-2.7145543,0.20238431,-0.3738713,-1.3715571,-2.4462261,4.7880777e-10,1.6779097e-08,6.850321e-08,962.3463153839111,5821.76220703125,3
162466.04910225,2.829306,0.040635224,-2.7146082,0.2020357,-0.3738713,-1.3715571,-2.4462261,-6.1960315e-10,1.6795923e-08,6.846434e-08,962.3739719390869,5821.76220703125,3
162466.082445958,2.829306,0.042366765,-2.7147481,0.20224318,-0.3738713,-1.3715571,-2.4462261,1.9030001e-10,1.4435075e-07,4.2764977e-08,962.3916745185852,5821.76220703125,3
162466.115789708,2.829306,0.042366765,-2.7147481,0.20224318,-0.3738713,-1.3715571,-2.4462261,-1.2356954e-09,1.276127e-07,-1.0434941e-08,962.4029994010925,5821.76220703125,3
